{
  "version": 6,
  "n_train_files": 1159,
  "n_test_files": 290,
  "n_train_examples": 5301,
  "n_test_examples": 1665,
  "stage2_classes": [
    "port_mismatch",
    "sensitivity_list",
    "synthesis_error"
  ],
  "hdl_api_breaking_in_test": 8,
  "oos_accuracy": 0.6745,
  "classification_report": {
    "api_breaking": {
      "precision": 0.16030534351145037,
      "recall": 0.7241379310344828,
      "f1-score": 0.2625,
      "support": 29.0
    },
    "port_mismatch": {
      "precision": 0.27800829875518673,
      "recall": 0.27235772357723576,
      "f1-score": 0.2751540041067762,
      "support": 246.0
    },
    "sensitivity_list": {
      "precision": 0.41818181818181815,
      "recall": 0.4791666666666667,
      "f1-score": 0.44660194174757284,
      "support": 144.0
    },
    "synthesis_error": {
      "precision": 0.8563829787234043,
      "recall": 0.7752808988764045,
      "f1-score": 0.8138163437236732,
      "support": 1246.0
    },
    "accuracy": 0.6744744744744745,
    "macro avg": {
      "precision": 0.4282196097929649,
      "recall": 0.5627358050386975,
      "f1-score": 0.4495180723945056,
      "support": 1665.0
    },
    "weighted avg": {
      "precision": 0.7209070689268178,
      "recall": 0.6744744744744745,
      "f1-score": 0.6928686059469155,
      "support": 1665.0
    }
  }
}