{
  "version": 7,
  "n_train_files": 1159,
  "n_test_files": 290,
  "n_train_examples": 3829,
  "n_test_examples": 1446,
  "stage2_classes": [
    "port_mismatch",
    "sensitivity_list",
    "synthesis_error"
  ],
  "hdl_api_breaking_in_test": 8,
  "oos_accuracy": 0.87,
  "classification_report": {
    "api_breaking": {
      "precision": 0.22580645161290322,
      "recall": 0.7241379310344828,
      "f1-score": 0.3442622950819672,
      "support": 29.0
    },
    "port_mismatch": {
      "precision": 1.0,
      "recall": 0.9259259259259259,
      "f1-score": 0.9615384615384616,
      "support": 27.0
    },
    "sensitivity_list": {
      "precision": 0.5901639344262295,
      "recall": 0.5,
      "f1-score": 0.5413533834586466,
      "support": 144.0
    },
    "synthesis_error": {
      "precision": 0.945273631840796,
      "recall": 0.9149277688603531,
      "f1-score": 0.9298531810766721,
      "support": 1246.0
    },
    "accuracy": 0.8699861687413555,
    "macro avg": {
      "precision": 0.6903110044699822,
      "recall": 0.7662479064551905,
      "f1-score": 0.6942518302889369,
      "support": 1446.0
    },
    "weighted avg": {
      "precision": 0.8965027240164475,
      "recall": 0.8699861687413555,
      "f1-score": 0.8800118228620291,
      "support": 1446.0
    }
  },
  "pm_filter_kept": 0,
  "pm_filter_dropped": 1691
}